sensor1,sensor2,sensor3
-0.260156,-1.666998,-0.492616
-0.762055,-1.114774,0.396817
-1.263953,-0.56255,-1.670459
-0.765183,-0.619429,0.316981
-0.165719,-0.678431,0.485722
-1.243191,0.494006,0.145171
0.373786,-0.76912,-0.929956
-0.081455,0.229613,-2.251816
-0.536697,1.228345,-1.040728
0.25422,-0.021794,1.268333
